epsilon,energy_kj,energy_sd_kj,overhead_pct,test_auc,auc_sd,cv_pct,eps_realized
non-private,21.9537,0.042,,0.9755,0.0006,,
0.25,42.9019,0.6487,95.4198,0.5511,0.0343,1.512,0.2422
0.5,43.3155,0.1724,97.3038,0.6111,0.0315,0.3981,0.4959
0.75,43.1848,0.1374,96.7084,0.6509,0.029,0.3182,0.7462
1.0,43.5048,0.2146,98.1661,0.6788,0.0269,0.4932,0.9972
1.25,43.739,0.2162,99.2327,0.6986,0.0255,0.4942,1.2446
1.5,43.5293,0.12,98.2779,0.714,0.0247,0.2756,1.4912
2.0,43.4285,0.278,97.8184,0.7361,0.0225,0.6401,1.99
3.0,43.3889,0.0692,97.6383,0.7628,0.0195,0.1595,2.9959
4.0,43.3797,0.1473,97.5963,0.7775,0.0168,0.3395,3.9952
5.0,43.3628,0.0328,97.5194,0.7875,0.0138,0.0755,4.9947
