attack,epsilon,seed,n_models,auc,tpr_at_fpr_001,tpr_at_fpr_01,epsilon_emp,eps_tpr,eps_fpr,gpu_j,cpu_j,total_j,gpu_j_net,cpu_j_net,total_j_net,wall_s,mean_gpu_w,gpu_temp_end,rapl_wraps,energy_measured
loss_threshold,,0,0,0.505224691374432,0.0009185899644046389,0.011712022046159145,0.0,,,0.0,1.196225,1.196225,-0.10784471426691235,1.1094547897544338,1.0016100754875215,0.005774259567260742,208.913,65.0,0,True
rmia,,0,4,0.5186068853823675,0.004248478585371454,0.01664944310483408,0.0,,,0.0,1.115598,1.115598,-0.10552920778775159,1.030690810908391,0.9251616031206394,0.00565028190612793,208.913,65.0,0,True
lira,,0,64,0.5173668772665214,0.006315306005281893,0.0188310942702951,0.1634678557763523,0.005970834768630153,0.000803766218854059,61.286,44.027781,105.313781,43.48537473136281,29.705669735098844,73.19104446646165,0.953087329864502,208.913,60.0,0,True
loss_threshold,,1,0,0.5048985070289365,0.000803766218854059,0.009760018371799288,0.0,,,18.111,0.199279,18.310279,17.992437162472818,0.10388515145140381,18.096322313924222,0.006348133087158203,211.294,67.0,0,True
rmia,,1,4,0.5173528160052251,0.0025261224021127567,0.015156734412676542,0.0,,,0.0,0.212769,0.212769,-0.11644325851933432,0.11908053235387253,0.002637273834538212,0.006234645843505859,211.294,67.0,0,True
lira,,1,64,0.5135915176037829,0.003444712366517396,0.015156734412676542,0.06698443876849834,0.998622115053393,0.9931105752669652,60.791,22.558231,83.349231,43.91647935929144,8.981249376556065,52.89772873584751,0.9035015106201172,211.294,60.0,0,True
loss_threshold,,2,0,0.5025469011623593,0.000803766218854059,0.011826845791709726,0.0,,,0.0,0.212524,0.212524,-0.12824343576890357,0.10934128993466646,-0.018902145834237105,0.006866455078125,211.69,65.0,0,True
rmia,,2,4,0.5135300251305657,0.0014927086921575382,0.01607532437708118,0.0,,,0.0,0.203003,0.203003,-0.11835355136464194,0.10777753990185764,-0.010576011462784307,0.00633692741394043,211.69,65.0,0,True
lira,,2,64,0.5161411084026208,0.004707773567573775,0.015501205649328281,0.11738388347530784,0.9995407050177977,0.9951774026868756,60.897,22.787051,83.684051,43.85725461331211,9.077132069022241,52.93438668233435,0.9123480319976807,211.69,59.0,0,True
loss_threshold,0.25,0,0,0.49833311756911286,0.0011482374555057985,0.00815248593409117,0.0,,,0.0,0.194336,0.194336,-0.13539478847185007,0.08539942075532879,-0.049995367716521286,0.007249355316162109,209.018,66.0,0,True
rmia,0.25,0,4,0.5022525375896145,0.00045929498220231943,0.010104489608451027,0.0,,,0.0,0.201721,0.201721,-0.1046119109902379,0.11755185390399722,0.012939942913759328,0.005601167678833008,209.018,66.0,0,True
loss_threshold,0.25,1,0,0.4973241281315922,0.000803766218854059,0.009874842117349868,0.0,,,0.0,0.242981,0.242981,-0.12858630884370237,0.13952241949456123,0.010936110650858866,0.00688481330871582,209.519,65.0,0,True
rmia,0.25,1,4,0.49640715326752405,0.0012630612010563784,0.00884142840739465,0.0,,,0.0,0.224609,0.224609,-0.10413099810610452,0.14082678906674223,0.036695790960637714,0.005575418472290039,210.149,66.0,0,True
loss_threshold,0.25,2,0,0.4985366465804878,0.0018371799288092777,0.010448960845102767,0.0,,,0.0,0.328307,0.328307,-0.12326509683870794,0.2291297854156749,0.10586468857696697,0.006599903106689453,210.599,65.0,0,True
rmia,0.25,2,4,0.4997242529307248,0.0005741187277528993,0.00826730967964175,0.0,,,0.0,0.246642,0.246642,-0.11260486124041783,0.15604184818985578,0.043436986949437956,0.0060291290283203125,210.599,65.0,0,True
loss_threshold,0.5,0,0,0.4982462251710131,0.0010334137099552187,0.00872660466184407,0.0,,,0.0,0.225585,0.225585,-0.12021486234212117,0.12886195751271495,0.008647095170593783,0.006436586380004883,211.758,65.0,0,True
rmia,0.5,0,4,0.5015521377922918,0.000803766218854059,0.010448960845102767,0.0,,,0.0,0.210143,0.210143,-0.0997983292518287,0.12984678826443558,0.030048459012606873,0.005343437194824219,211.758,65.0,0,True
lira,0.5,0,64,0.4995722093627274,0.001607532437708118,0.011023079572855667,0.0,,,60.107,21.531073,81.63807299999999,43.24139405923622,7.9612640079988015,51.20265806723502,0.9030241966247559,211.758,59.0,0,True
loss_threshold,0.5,1,0,0.4972449354771371,0.0011482374555057985,0.00884142840739465,0.0,,,0.0,0.293395,0.293395,-0.12009463412108781,0.19676869130340124,0.07667405718231343,0.006430149078369141,209.917,65.0,0,True
rmia,0.5,1,4,0.49566824156748535,0.0012630612010563784,0.00884142840739465,0.0,,,0.0,0.230712,0.230712,-0.12554943303834154,0.12969684339263615,0.004147410354294612,0.006722211837768555,209.917,65.0,0,True
lira,0.5,1,64,0.5002435834997183,0.0005741187277528993,0.00872660466184407,0.0,,,60.293,23.121462,83.414462,43.20247822796236,9.370689164755747,52.573167392718105,0.9150667190551758,209.917,59.0,0,True
loss_threshold,0.5,2,0,0.4984377365174358,0.0010334137099552187,0.009185899644046388,0.0,,,0.0,0.29901,0.29901,-0.12965945703885187,0.19468798084436176,0.06502852380550989,0.006942272186279297,210.317,64.0,0,True
rmia,0.5,2,4,0.49832841070527534,0.0006889424733034792,0.00872660466184407,0.0,,,0.0,0.204407,0.204407,-0.11398525933376366,0.11269620096345807,-0.0012890583703055875,0.006103038787841797,210.317,64.0,0,True
lira,0.5,2,64,0.4980163403590462,0.0012630612010563784,0.009300723389596968,0.0,,,67.93,21.886297,89.816297,50.80259933438465,8.105851970145986,58.90845130453064,0.9170413017272949,210.317,59.0,0,True
loss_threshold,0.75,0,0,0.4981344668199786,0.0009185899644046389,0.008956252152945229,0.0,,,0.0,0.259948,0.259948,-0.11854057304180493,0.1645720651163457,0.04603149207454077,0.006346940994262695,210.219,65.0,0,True
rmia,0.75,0,4,0.502033991441234,0.00045929498220231943,0.011137903318406247,0.0,,,0.0,0.253784,0.253784,-0.10691851167524805,0.16775899821601656,0.06084048654076851,0.005724668502807617,210.219,65.0,0,True
loss_threshold,0.75,1,0,0.49730201114535255,0.0009185899644046389,0.009645194626248708,0.0,,,0.0,0.210022,0.210022,-0.11269837207899931,0.11934661079709978,0.006648238718100469,0.006034135818481445,210.262,65.0,0,True
rmia,0.75,1,4,0.4953869108656185,0.0013778849466069584,0.009530370880698129,0.0,,,0.0,0.213623,0.213623,-0.10659345018875047,0.12785953772416828,0.02126608753541781,0.005707263946533203,210.262,65.0,0,True
loss_threshold,0.75,2,0,0.49850977658468676,0.0013778849466069584,0.008496957170742909,0.0,,,0.0,1.334286,1.334286,-0.10710553335241102,1.2481105234305048,1.1410049900780939,0.005734682083129883,206.439,65.0,0,True
rmia,0.75,2,4,0.4997540366993778,0.0005741187277528993,0.009071075898495809,0.0,,,0.0,1.055844,1.055844,-0.10106740491829182,0.9745267093627474,0.8734593044444556,0.005411386489868164,206.439,65.0,0,True
loss_threshold,1.0,0,0,0.4982586185940028,0.0011482374555057985,0.00941554713514755,0.0,,,18.382,0.230468,18.612468,18.262234880262486,0.1341068135445413,18.396341693807027,0.006412506103515625,210.468,66.0,0,True
rmia,1.0,0,4,0.5017684821304178,0.0005741187277528993,0.012286140773912045,0.0,,,0.0,0.243774,0.243774,-0.12082936213851384,0.14655654036031857,0.02572717822180473,0.0064694881439208984,210.468,66.0,0,True
loss_threshold,1.0,1,0,0.49743903098409803,0.000803766218854059,0.009185899644046388,0.0,,,0.0,0.216125,0.216125,-0.11785037399513201,0.12130438872954456,0.00345401473441255,0.006309986114501953,209.526,65.0,0,True
rmia,1.0,1,4,0.49505834671921906,0.0013778849466069584,0.010334137099552188,0.0,,,0.0,0.237121,0.237121,-0.11048528223257068,0.14822622909232447,0.03774094685975379,0.005915641784667969,209.831,61.0,0,True
loss_threshold,1.0,2,0,0.49865245916297907,0.0011482374555057985,0.008956252152945229,0.0,,,0.0,0.219665,0.219665,-0.12975296787743337,0.11526774345160579,-0.014485224425827586,0.00694727897644043,210.464,65.0,0,True
rmia,1.0,2,4,0.49976264617300786,0.0006889424733034792,0.010219313354001608,0.0,,,0.0,0.211364,0.211364,-0.11116212258801766,0.12192465367809076,0.010762531090073094,0.005951881408691406,210.464,65.0,0,True
loss_threshold,1.25,0,0,0.4983707131495972,0.0011482374555057985,0.00884142840739465,0.0,,,0.0,1.214963,1.214963,-0.10666024364488011,1.1291457967293426,1.0224855530844625,0.0057108402252197266,206.704,65.0,0,True
rmia,1.25,0,4,0.5015007907860859,0.000803766218854059,0.012171317028361465,0.0,,,10.043,1.068967,11.111967,9.95391979400844,0.9972944265674654,10.951214220575906,0.004769563674926758,206.704,65.0,0,True
loss_threshold,1.25,1,0,0.49754553531485446,0.0009185899644046389,0.00861178091629349,0.0,,,0.0,0.238281,0.238281,-0.11456858885062916,0.14610086294198033,0.03153227409135116,0.0061342716217041016,209.927,65.0,0,True
rmia,1.25,1,4,0.4948449491151761,0.0009185899644046389,0.009760018371799288,0.0,,,0.0,0.227844,0.227844,-0.122517010130056,0.12926868455772267,0.006751674427666665,0.006559848785400391,209.927,65.0,0,True
loss_threshold,1.25,2,0,0.49880623649174577,0.0010334137099552187,0.00872660466184407,0.0,,,0.0,0.198669,0.198669,-0.11353106383208213,0.1073236397282728,-0.006207424103809325,0.0060787200927734375,209.861,65.0,0,True
rmia,1.25,2,4,0.49995319505147495,0.0005741187277528993,0.010563784590653347,0.0,,,0.0,0.194274,0.194274,-0.10575630553859235,0.10918409152598364,0.0034277859873912964,0.005662441253662109,209.861,65.0,0,True
loss_threshold,1.5,0,0,0.4984758265163904,0.0011482374555057985,0.00872660466184407,0.0,,,0.0,0.200622,0.200622,-0.11696424747714548,0.10651435259423209,-0.010449894882913396,0.006262540817260742,212.243,66.0,0,True
rmia,1.5,0,4,0.5022543570495853,0.000803766218854059,0.011826845791709726,0.0,,,0.0,0.219664,0.219664,-0.09714440259494445,0.14150309712550985,0.0443586945305654,0.0052013397216796875,212.243,66.0,0,True
lira,1.5,0,64,0.4982626860099521,0.00022964749110115972,0.011597198300608565,0.0,,,62.284,23.461548,85.745548,45.34453385544806,9.832312215920549,55.176846071368615,0.9069788455963135,212.243,59.0,0,True
loss_threshold,1.5,1,0,0.49768411751596625,0.0011482374555057985,0.009530370880698129,0.0,,,0.0,0.222534,0.222534,-0.12105200699227929,0.1251374037108996,0.004085396718620307,0.0064814090728759766,210.704,65.0,0,True
rmia,1.5,1,4,0.49531001231286576,0.0011482374555057985,0.011023079572855667,0.0,,,0.0,0.231811,0.231811,-0.11065449232143242,0.14278008523876604,0.03212559291733362,0.005924701690673828,210.704,65.0,0,True
lira,1.5,1,64,0.4995379428666101,0.0006889424733034792,0.00861178091629349,0.0,,,68.241,23.381166,91.62216599999999,51.16706972246496,9.64374242787045,60.81081215033541,0.9141783714294434,210.704,59.0,0,True
loss_threshold,1.5,2,0,0.4989153117985479,0.0010334137099552187,0.009300723389596968,0.0,,,0.0,0.24005,0.24005,-0.12387514373802529,0.1403819509962669,0.01650680725824162,0.006632566452026367,210.321,64.0,0,True
rmia,1.5,2,4,0.5009828445888094,0.000803766218854059,0.011137903318406247,0.0,,,0.0,0.277771,0.277771,-0.12979304395111116,0.17334149885471034,0.04354845490359918,0.006949424743652344,210.321,64.0,0,True
lira,1.5,2,64,0.4937308265341235,0.0014927086921575382,0.013204730738316683,0.0,,,60.106,23.502381,83.60838100000001,42.92431851903663,9.678262455017638,52.60258097405427,0.919947624206543,210.321,59.0,0,True
loss_threshold,2.0,0,0,0.49869836756601127,0.0011482374555057985,0.008496957170742909,0.0,,,18.697,0.226684,18.923683999999998,18.575752065536406,0.12912976345941088,18.704881828995816,0.006491899490356445,209.82,63.0,0,True
rmia,2.0,0,4,0.5019591167080865,0.0012630612010563784,0.012860259501664945,0.0,,,0.0,0.21289,0.21289,-0.09844910143801003,0.13367935635991463,0.0352302549219046,0.005271196365356445,209.82,63.0,0,True
loss_threshold,2.0,1,0,0.4979673863382368,0.0012630612010563784,0.00884142840739465,0.0,,,0.0,0.255431,0.255431,-0.11994768851760261,0.15892292149201775,0.038975232974415144,0.006422281265258789,210.668,65.0,0,True
rmia,2.0,1,4,0.49676964111323474,0.000803766218854059,0.011137903318406247,0.0,,,0.0,0.220458,0.220458,-0.11615382020943922,0.12700240999811718,0.010848589788677962,0.006219148635864258,210.668,65.0,0,True
loss_threshold,2.0,2,0,0.4991033754001708,0.0010334137099552187,0.010219313354001608,0.0,,,0.0,0.224487,0.224487,-0.11688854822686523,0.13044025905503454,0.013551710828169306,0.006258487701416016,209.728,65.0,0,True
rmia,2.0,2,4,0.5010727100899774,0.0006889424733034792,0.009530370880698129,0.0,,,0.0,0.246032,0.246032,-0.11578868264926387,0.15287019410316433,0.037081511453900456,0.00619959831237793,209.728,65.0,0,True
loss_threshold,3.0,0,0,0.4989280150571124,0.0011482374555057985,0.00872660466184407,0.0,,,0.0,0.21234,0.21234,-0.12915182677226664,0.10842641240503703,-0.020725414367229605,0.006915092468261719,210.084,65.0,0,True
rmia,3.0,0,4,0.5008528652690815,0.0012630612010563784,0.011826845791709726,0.0,,,9.915,0.209411,10.124410999999998,9.810543940407397,0.12536724955859052,9.935911189965989,0.005592823028564453,210.084,65.0,0,True
loss_threshold,3.0,1,0,0.498354858797315,0.0013778849466069584,0.009300723389596968,0.0,,,0.0,0.234374,0.234374,-0.13006912356978031,0.12972236940943083,-0.00034675416034948836,0.006964206695556641,220.256,65.0,0,True
rmia,3.0,1,4,0.5007253382649663,0.0012630612010563784,0.013089906992766104,0.0,,,0.0,0.259765,0.259765,-0.10986632953910269,0.17136822897770926,0.061501899438606566,0.0058825016021728516,220.256,65.0,0,True
loss_threshold,3.0,2,0,0.4993159291966909,0.0013778849466069584,0.010104489608451027,0.0,,,0.0,0.230895,0.230895,-0.12019259785674462,0.13418987117765685,0.013997273320912232,0.006435394287109375,210.896,64.0,0,True
rmia,3.0,2,4,0.5009829368802572,0.0006889424733034792,0.009989665862900447,0.0,,,11.654,0.227416,11.881416,11.545425010612737,0.14005822154433933,11.685483232157077,0.0058133602142333984,210.896,64.0,0,True
loss_threshold,4.0,0,0,0.4990978049520716,0.0010334137099552187,0.00861178091629349,0.0,,,0.0,0.248047,0.248047,-0.11789935586296041,0.15318697866667236,0.03528762280371195,0.00631260871887207,210.211,64.0,0,True
rmia,4.0,0,4,0.5013446138796765,0.0012630612010563784,0.011941669537260306,0.0,,,0.0,0.216308,0.216308,-0.10308011439633155,0.1333713140519998,0.03029119965566826,0.00551915168762207,205.612,64.0,0,True
loss_threshold,4.0,1,0,0.49856222449601983,0.0011482374555057985,0.008956252152945229,0.0,,,0.0,0.210693,0.210693,-0.11859846070378395,0.11527048958749676,-0.0033279711162871872,0.006350040435791016,211.087,65.0,0,True
rmia,4.0,1,4,0.5026024935751638,0.0013778849466069584,0.012975083247215524,0.0,,,0.0,0.236999,0.236999,-0.10003433279682009,0.15651290341605145,0.056478570619231366,0.0053560733795166016,211.087,65.0,0,True
loss_threshold,4.0,2,0,0.4995272238741732,0.0010334137099552187,0.009530370880698129,0.0,,,0.0,0.215881,0.215881,-0.11191911509082021,0.12583258907006623,0.013913473979246013,0.005992412567138672,210.161,65.0,0,True
rmia,4.0,2,4,0.4997637602626277,0.000803766218854059,0.009760018371799288,0.0,,,0.0,0.25769,0.25769,-0.1204241485046607,0.1607985690622611,0.04037442055760039,0.006447792053222656,210.161,65.0,0,True
loss_threshold,5.0,0,0,0.4992194780414979,0.0011482374555057985,0.009071075898495809,0.0,,,0.0,0.231811,0.231811,-0.12128801053727067,0.13422451886251546,0.012936508325244789,0.006494045257568359,211.604,66.0,0,True
rmia,5.0,0,4,0.5011847519076016,0.0011482374555057985,0.011367550809507406,0.0,,,10.121,0.22528,10.34628,10.01592498771393,0.14073824967320575,10.156663237387136,0.00562596321105957,211.604,66.0,0,True
lira,5.0,0,64,0.4938141591192369,0.0010334137099552187,0.008496957170742909,0.0,,,60.873,23.064028,83.937028,43.856672399031154,9.372950661808128,53.22962306083928,0.9110941886901855,200.145,60.0,0,True
loss_threshold,5.0,1,0,0.4987341502787709,0.0011482374555057985,0.009530370880698129,0.0,,,0.0,0.291137,0.291137,-0.12725934551526025,0.18874607392509835,0.0614867284098381,0.006813764572143555,210.666,65.0,0,True
rmia,5.0,1,4,0.5040858478698627,0.0014927086921575382,0.012515788265013204,0.0,,,0.0,0.233032,0.233032,-0.1080673591206778,0.14608265310501461,0.03801529398433681,0.00578618049621582,210.666,65.0,0,True
lira,5.0,1,64,0.49630723459079246,0.0009185899644046389,0.00941554713514755,0.0,,,68.203,24.115478,92.318478,50.92835093389833,10.216559155686248,61.14491008958458,0.9249253273010254,210.666,59.0,0,True
loss_threshold,5.0,2,0,0.4996593456739392,0.0010334137099552187,0.009071075898495809,0.0,,,0.0,0.259093,0.259093,-0.12217413705525719,0.16079355499782794,0.03861941794257075,0.00654149055480957,211.328,65.0,0,True
rmia,5.0,2,4,0.500118139645425,0.0009185899644046389,0.009300723389596968,0.0,,,0.0,0.237975,0.237975,-0.11005335121626568,0.14942775419219728,0.0393744029759316,0.005892515182495117,211.328,65.0,0,True
lira,5.0,2,64,0.4970369369227904,0.0021816511654610174,0.011023079572855667,0.0,,,60.664,24.065185,84.729185,43.252598011818506,10.056236842880121,53.30883485469863,0.9322474002838135,197.435,59.0,0,True
