attack,epsilon,seed,canary_kind,n_canaries,n_included,test_auc,epsilon_spent,n_models,total_j_net,gpu_j_net,cpu_j_net,wall_s,energy_measured,epsilon_emp,n_guesses,n_correct,guess_fraction,accuracy,alpha_eff
canary_oneruntrain,,0,flipped,1000,511,0.936043590471762,,1,78553.06018574207,73468.81420701012,5084.245978731952,317.0997986793518,True,1.5307653826913457,500,433,0.5,0.866,0.0083333333333333
canary_oneruntrain,,1,flipped,1000,515,0.9486700973982406,,1,78307.64798575791,73427.66742800965,4879.980557748263,315.60263562202454,True,2.001000500250125,500,459,0.5,0.918,0.0083333333333333
canary_oneruntrain,,2,flipped,1000,511,0.9379129126786232,,1,78338.13406059827,73444.86608218575,4893.267978412514,315.443151473999,True,1.76088044022011,500,447,0.5,0.894,0.0083333333333333
canary_oneruntrain,0.5,0,flipped,1000,511,0.6579951753386781,0.4949094595313074,1,153073.22129625393,145122.8343830255,7950.38691322844,714.0285675525665,True,0.0,0,0,,,0.0083333333333333
canary_oneruntrain,0.5,1,flipped,1000,515,0.6562506826614903,0.4949094595313074,1,154446.90334693852,146077.42301430707,8369.480332631449,723.0419602394104,True,0.0,0,0,,,0.0083333333333333
canary_oneruntrain,0.5,2,flipped,1000,511,0.6605104903615999,0.4949094595313074,1,155210.90231636958,146608.19844118218,8602.703875187415,730.241991519928,True,0.0,0,0,,,0.0083333333333333
canary_oneruntrain,1.5,0,flipped,1000,511,0.7993739799086871,1.4942785656543789,1,153448.32901999156,145706.3211015887,7742.007918402858,720.5025489330292,True,0.0,0,0,,,0.0083333333333333
canary_oneruntrain,1.5,1,flipped,1000,515,0.7808929680405197,1.4942785656543789,1,154169.0794190172,145486.17384543756,8682.905573579637,716.0688276290894,True,0.0,0,0,,,0.0083333333333333
canary_oneruntrain,1.5,2,flipped,1000,511,0.7573844468647503,1.4942785656543789,1,153612.46843465805,145541.70189747735,8070.766537180698,716.1302914619446,True,0.0,0,0,,,0.0083333333333333
canary_oneruntrain,5.0,0,flipped,1000,511,0.8682736388119975,4.993354575186758,1,153963.61721416507,145377.3908733353,8586.22634082978,715.3444516658783,True,0.0,0,0,,,0.0083333333333333
canary_oneruntrain,5.0,1,flipped,1000,515,0.8688260094808027,4.993354575186758,1,153970.47912831034,145417.66190068342,8552.817227626929,715.0008153915405,True,0.0,0,0,,,0.0083333333333333
canary_oneruntrain,5.0,2,flipped,1000,511,0.8547982910837388,4.993354575186758,1,154415.38692068774,145803.37704899567,8612.00987169208,720.2907917499542,True,0.0,0,0,,,0.0083333333333333
