kind,tier,epsilon,shadow_idx,tag,test_auc,gpu_j,cpu_j,total_j,gpu_j_net,cpu_j_net,total_j_net,wall_s,mean_gpu_w,gpu_temp_end,rapl_wraps,energy_measured
shadow,anchor,,0,shadow_baseline_000,0.9701064483814291,22660.961,2809.317698,25470.278698,20976.881088166894,1454.3327178513084,22431.213806018204,90.16959810256958,251.02157777777776,66.0,0,True
shadow,anchor,,1,shadow_baseline_001,0.9717479566966363,22585.052,2681.429842,25266.481842,20902.126501733666,1327.373685378546,22229.50018711221,90.1077880859375,250.5616111111111,66.0,0,True
shadow,anchor,,2,shadow_baseline_002,0.9665675312151844,22565.931,2857.567026,25423.498026,20882.25041061792,1502.9033345975076,22385.153745215426,90.14821743965149,250.35494444444444,65.0,0,True
shadow,anchor,,3,shadow_baseline_003,0.9755022048015678,22573.084,2717.841553,25290.925553,20889.3877542318,1363.1652647083206,22252.55301894012,90.14905571937561,250.2166111111111,66.0,0,True
shadow,anchor,,4,shadow_baseline_004,0.973763953600864,22544.801,2823.685033,25368.486033,20861.1620006766,1469.0548043236192,22330.21680500022,90.14599061012268,250.12869999999998,64.0,0,True
shadow,anchor,,5,shadow_baseline_005,0.9690173107350273,22538.133,2704.721653,25242.854653000002,20855.18448025579,1350.6469736489962,22205.831453904786,90.10902070999146,250.10487777777777,65.0,0,True
shadow,anchor,,6,shadow_baseline_006,0.9687832553668896,22603.454,2965.661231,25569.115231000003,20918.32166820763,1609.82948982317,22528.1511580308,90.22594714164734,250.2968888888889,65.0,0,True
shadow,anchor,,7,shadow_baseline_007,0.9668671220864008,22553.728,2735.077593,25288.805592999997,20870.151626221068,1380.4977518803676,22250.649378101436,90.1426374912262,250.18796666666668,65.0,0,True
shadow,anchor,,8,shadow_baseline_008,0.9731179607848033,22613.219,2875.632776,25488.851776,20929.381668640868,1520.8429723963163,22450.224641037184,90.15660977363586,250.5879888888889,65.0,0,True
shadow,anchor,,9,shadow_baseline_009,0.9737826780303148,22559.401,2693.854371,25253.255371000003,20875.82483996013,1339.2747018515508,22215.09954181168,90.1426260471344,250.30106666666669,65.0,0,True
shadow,anchor,,10,shadow_baseline_010,0.9721942222652191,22544.733,2840.800772,25385.533772,20861.44858041781,1486.4558327687507,22347.904413186563,90.1270055770874,250.14677777777777,65.0,0,True
shadow,anchor,,11,shadow_baseline_011,0.9764821166095051,22578.451,2668.665592,25247.116592000002,20894.691135691286,1313.938117202115,22208.629252893403,90.15246200561523,250.3922777777778,65.0,0,True
shadow,anchor,,12,shadow_baseline_012,0.9720631512590618,22645.414,2863.586236,25509.000236,20955.87252975188,1504.2069693518672,22460.079499103747,90.46202278137207,250.0972111111111,65.0,0,True
shadow,anchor,,13,shadow_baseline_013,0.9645671380021659,22646.741,2669.454592,25316.195592000004,20959.14072570289,1311.6371819708213,22270.777907673713,90.35808658599854,250.56862222222222,65.0,0,True
shadow,anchor,,14,shadow_baseline_014,0.9769627102987483,22642.237,2818.638902,25460.875902,20954.075157494033,1460.369662765458,22414.44482025949,90.38815426826477,250.39898888888888,65.0,0,True
shadow,anchor,,15,shadow_baseline_015,0.9724407605863243,22658.638,2674.163443,25332.801443,20970.361869437696,1315.802249340578,22286.164118778273,90.39427351951599,250.5993222222222,65.0,0,True
shadow,anchor,,16,shadow_baseline_016,0.9706369738825416,22670.63,2854.843583,25525.473583,20982.120239286847,1496.2944140888767,22478.414653375723,90.40678262710571,250.75595555555554,65.0,0,True
shadow,anchor,,17,shadow_baseline_017,0.9715139013284984,22639.437,2672.832147,25312.269147000003,20951.552644228177,1314.7861693543618,22266.338813582537,90.37329697608948,250.46367777777778,65.0,0,True
shadow,anchor,,18,shadow_baseline_018,0.9736609692388832,22665.661,2823.809848,25489.470848,20976.955262833664,1465.1029994273251,22442.05826226099,90.41727566719055,250.55653333333333,65.0,0,True
shadow,anchor,,19,shadow_baseline_019,0.9650134035707487,22654.093,2681.049166,25335.142166,20965.96100526313,1322.8039418246788,22288.764947087806,90.38655614852905,250.51405555555556,64.0,0,True
shadow,anchor,,20,shadow_baseline_020,0.9712423971014583,22685.618,2852.885275,25538.503275,20997.110982271442,1494.3383130523978,22491.44929532384,90.40663576126099,250.77064444444446,66.0,0,True
shadow,anchor,,21,shadow_baseline_021,0.9707555619357315,22658.633,2662.695881,25321.328881,20970.656295595734,1304.5756010549158,22275.23189665065,90.37824153900146,250.54756666666665,65.0,0,True
shadow,anchor,,22,shadow_baseline_022,0.9743069620549438,22656.943,2783.214676,25440.157676,20968.8017610488,1424.962014070995,22393.763775119794,90.38705110549927,250.5169111111111,65.0,0,True
shadow,anchor,,23,shadow_baseline_023,0.9713672266311318,22624.04,2759.030779,25383.070779,20936.131990438913,1400.9657698767276,22337.09776031564,90.37456345558167,250.3002888888889,65.0,0,True
shadow,anchor,,24,shadow_baseline_024,0.9747126580263826,22636.587,2739.762456,25376.349456,20948.344898477146,1381.4286415860752,22329.773540063223,90.3924515247345,250.37304444444445,65.0,0,True
shadow,anchor,,25,shadow_baseline_025,0.9706993886473784,22624.683,2791.192562,25415.875562,20936.781099813703,1433.1324683863877,22369.913568200092,90.37423634529114,250.22964444444446,65.0,0,True
shadow,anchor,,26,shadow_baseline_026,0.9742476680283487,22545.102,2690.836312,25235.938312,20858.341844888295,1333.6948490382729,22192.036693926566,90.3131046295166,249.54391111111113,65.0,0,True
shadow,anchor,,27,shadow_baseline_027,0.9748062801736379,22647.713,2821.27769,25468.99069,20959.791297780408,1463.201663972788,22422.992961753196,90.3752965927124,250.3765222222222,65.0,0,True
shadow,anchor,,28,shadow_baseline_028,0.9677534117470828,22600.216,2878.796646,25479.012646,20913.355859537365,1521.5747363517517,22434.930595889116,90.31845808029175,250.12266666666667,65.0,0,True
shadow,anchor,,29,shadow_baseline_029,0.9691733476471194,22528.648,2669.900452,25198.548452000003,20845.80590449589,1315.9113999674182,22161.71730446331,90.10332250595093,249.97855555555554,65.0,0,True
shadow,anchor,,30,shadow_baseline_030,0.9649665924971211,22650.336,2898.066677,25548.402677,20960.79668940696,1538.6891479773662,22499.485837384327,90.4619071483612,250.25846666666666,65.0,0,True
shadow,anchor,,31,shadow_baseline_031,0.9741009933309823,22674.378,2683.944973,25358.322973000002,20986.023084329743,1325.5203900458148,22311.543474375558,90.39849185943604,250.63830000000002,65.0,0,True
shadow,anchor,,32,shadow_baseline_032,0.9606943018440443,22663.13,2842.248278,25505.378278,20974.587862272212,1483.6730590373184,22458.26092130953,90.40851616859436,250.49796666666666,65.0,0,True
shadow,anchor,,33,shadow_baseline_033,0.9736453655476739,22673.264,2667.165718,25340.429718,20984.92454033549,1308.7535707120176,22293.67811104751,90.39766430854797,250.61615555555557,65.0,0,True
shadow,anchor,,34,shadow_baseline_034,0.9730118556845807,22635.371,2862.980281,25498.351281,20947.515329791135,1504.957383320273,22452.47271311141,90.3717610836029,250.49626666666668,66.0,0,True
shadow,anchor,,35,shadow_baseline_035,0.9733801027971176,22640.56,2669.154361,25309.714361000002,20952.134247643073,1310.6727839294354,22262.80703157251,90.40228462219238,250.4288,66.0,0,True
shadow,anchor,,36,shadow_baseline_036,0.9604446427846971,22637.584,2850.704128,25488.288128,20949.318453974043,1492.3514504968914,22441.669904470935,90.39370679855347,250.42273333333333,65.0,0,True
shadow,anchor,,37,shadow_baseline_037,0.9742851168872508,22646.242,2676.340988,25322.582988,20957.882074820533,1317.9123744712026,22275.794449291734,90.39876008033752,250.48867777777778,65.0,0,True
shadow,anchor,,38,shadow_baseline_038,0.9690766047616224,22639.113,2862.853145,25501.966145000002,20951.477133696568,1505.0070981860454,22456.484231882612,90.3599922657013,250.6519111111111,66.0,0,True
shadow,anchor,,39,shadow_baseline_039,0.9700814824754944,22675.257,2679.184303,25354.441303,20986.793843307638,1320.672630972333,22307.466474279972,90.40428733825684,250.7015888888889,66.0,0,True
shadow,anchor,,40,shadow_baseline_040,0.9710707564981572,22615.354,2833.692148,25449.046148,20929.468362703607,1477.25430871806,22406.722671421667,90.26628088951111,250.44407777777778,65.0,0,True
shadow,anchor,,41,shadow_baseline_041,0.9727185062898479,22559.368,2851.51632,25410.884319999997,20875.600401009066,1496.7826219949147,22372.383023003982,90.15287613868713,250.3156222222222,65.0,0,True
shadow,anchor,,42,shadow_baseline_042,0.9732459110527186,22575.764,2666.747629,25242.511629,20892.204395831453,1312.1812804528017,22204.385676284255,90.1417396068573,250.22299999999998,65.0,1,True
shadow,anchor,,43,shadow_baseline_043,0.974494206349454,22559.172,2843.014755,25402.186755,20875.192781528458,1488.110791192375,22363.303572720833,90.16420674324036,250.35237777777778,65.0,0,True
shadow,anchor,,44,shadow_baseline_044,0.9715887990463024,22590.344,2695.358945,25285.702945,20905.681515642533,1339.9052358944389,22245.586751536972,90.20079040527344,250.4051111111111,65.0,0,True
shadow,anchor,,45,shadow_baseline_045,0.9707493204592479,22562.259,2816.76702,25379.026019999998,20878.434047694733,1461.987176394024,22340.421224088757,90.15594696998596,250.06542222222222,66.0,0,True
shadow,anchor,,46,shadow_baseline_046,0.9725936767601744,22532.259,2666.369944,25198.628943999996,20848.887633149516,1311.9550483244195,22160.842681473936,90.13166093826294,249.94732222222225,65.0,0,True
shadow,anchor,,47,shadow_baseline_047,0.9754616352044241,22590.19,2855.360427,25445.550427,20905.99343562221,1500.281589995212,22406.275025617422,90.1758439540863,250.44883333333334,65.0,0,True
shadow,anchor,,48,shadow_baseline_048,0.9687333235550203,22554.066,2695.693539,25249.759539,20870.60598932744,1341.2073218588198,22211.81331118626,90.13640713691711,250.18017777777777,65.0,0,True
shadow,anchor,,49,shadow_baseline_049,0.9751183539978217,22560.987,2871.931369,25432.918369,20877.030887611385,1517.0459959938514,22394.076883605238,90.1629695892334,250.14472222222224,65.0,0,True
shadow,anchor,,50,shadow_baseline_050,0.9727122648133643,22545.825,2708.224878,25254.049878,20862.883493568683,1354.1558414534527,22217.039335022135,90.10864520072937,250.19672222222223,66.0,0,True
shadow,anchor,,51,shadow_baseline_051,0.9678719998002728,22535.047,2894.072608,25429.119607999997,20852.012223186543,1539.9285275282782,22391.94075071482,90.11363911628723,250.03848888888888,65.0,0,True
shadow,anchor,,52,shadow_baseline_052,0.9741165970221917,22570.46,2729.213289,25299.673289,20886.930599832314,1374.6712421306618,22261.601841962976,90.14012241363525,250.1577888888889,66.0,0,True
shadow,anchor,,53,shadow_baseline_053,0.974899902320893,22585.625,2886.115719,25471.740719,20901.708179975176,1531.2619600297407,22432.970140004916,90.1608657836914,250.41557777777777,65.0,0,True
shadow,anchor,,54,shadow_baseline_054,0.9580229499090306,22566.136,2797.094768,25363.230767999998,20881.9938099484,1442.059679747733,22324.053489696133,90.1729326248169,250.13896666666668,65.0,0,True
shadow,anchor,,55,shadow_baseline_055,0.9696570620746044,22562.756,2710.007284,25272.763284,20878.83783074736,1355.1524394616454,22233.990270209008,90.16093802452087,250.06048888888887,65.0,0,True
shadow,anchor,,56,shadow_baseline_056,0.971442124348936,22587.112,2882.49787,25469.60987,20903.136063313603,1527.5965466665873,22430.73260998019,90.16403102874756,250.4199,66.0,0,True
shadow,anchor,,57,shadow_baseline_057,0.971326657033988,22603.555,2713.552014,25317.107014,20919.59499577934,1358.6635096852194,22278.258505464557,90.16317796707153,250.59171111111112,65.0,0,True
shadow,anchor,,58,shadow_baseline_058,0.9742164606459305,22580.5,2890.360825,25470.860825,20896.67000256235,1535.5769221575486,22432.2469247199,90.15621709823608,250.4569888888889,66.0,0,True
shadow,anchor,,59,shadow_baseline_059,0.9729182335373255,22583.733,2707.607265,25291.340265,20900.072889491566,1352.9600505865212,22253.032940078087,90.1471209526062,250.3728111111111,66.0,0,True
shadow,anchor,,60,shadow_baseline_060,0.968177832147973,22529.958,2897.357756,25427.315756,20846.53571427146,1542.9018917726974,22389.437606044157,90.13438725471497,249.95545555555555,66.0,0,True
shadow,anchor,,61,shadow_baseline_061,0.9716512138111392,22574.117,2705.920929,25280.037929,20890.340357175104,1351.179954464215,22241.52031163932,90.15336036682129,250.24954444444444,65.0,0,True
shadow,anchor,,62,shadow_baseline_062,0.9700908446902199,22591.045,2743.527888,25334.572888,20906.776703903226,1388.3913367495022,22295.168040652727,90.17968463897705,250.29226666666668,65.0,0,True
shadow,anchor,,63,shadow_baseline_063,0.9731585303819471,22582.86,2877.130574,25459.990574,20898.12513380057,1521.6186275697125,22419.743761370282,90.20466589927673,250.3661666666667,66.0,0,True
shadow,anchor,0.5,0,shadow_eps0.5_000,0.5910147704540986,44602.689,5372.86332,49975.55232,40839.139608613244,2344.7689513509604,43183.908559964206,201.50928330421448,221.36272499999998,65.0,0,True
shadow,anchor,0.5,1,shadow_eps0.5_001,0.6446228119724002,44933.864,5270.921626,50204.785626000004,41161.268997947365,2235.549297141099,43396.818295088466,201.9936065673828,222.35786567164178,66.0,0,True
shadow,anchor,0.5,2,shadow_eps0.5_002,0.5831598722993911,45033.139,5399.413423,50432.552423,41268.13554624359,2370.149137972736,43638.28468421633,201.58713722229004,223.403265,65.0,0,True
shadow,anchor,0.5,3,shadow_eps0.5_003,0.6250776283637657,44904.927,5682.09965,50587.02665,41144.38973966956,2656.4287960018187,43800.81853567138,201.34800672531128,223.02641500000001,66.0,0,True
shadow,anchor,0.5,4,shadow_eps0.5_004,0.5276263352858752,44750.337,5538.797527,50289.134527,41000.7118667496,2521.9064038156857,43522.61827056529,200.76374578475952,223.03461,65.0,0,True
shadow,anchor,0.5,5,shadow_eps0.5_005,0.5983578675371446,44887.545,5430.273208,50317.818208,41126.67329147603,2404.333262092527,43531.00655356856,201.36591386795044,222.86720000000003,65.0,0,True
shadow,anchor,0.5,6,shadow_eps0.5_006,0.6310944116940302,44871.533,5562.885905,50434.418905000006,41113.8129496093,2539.4817350988437,43653.29468470815,201.19716668128967,223.01355999999998,65.0,0,True
shadow,anchor,0.5,7,shadow_eps0.5_007,0.6011852563842504,44938.314,5683.95481,50622.26881,41165.42048908612,2648.342305469757,43813.76279455588,202.00958943367004,222.4942537313433,65.0,0,True
shadow,anchor,0.5,8,shadow_eps0.5_008,0.5847046377291012,44851.392,5447.360017,50298.752017,41079.659920418686,2412.681982384184,43492.34190280287,201.9474036693573,222.0717213930348,65.0,0,True
shadow,anchor,0.5,9,shadow_eps0.5_009,0.6039689548959702,44657.831,5436.992612,50094.823612,40902.85036298423,2415.792532267829,43318.64289525206,201.05049204826355,222.183235,65.0,0,True
shadow,anchor,0.5,10,shadow_eps0.5_010,0.6291096221722211,44792.954,5337.193673,50130.147673,41036.85030226577,2315.0899957635625,43351.94029802933,201.11062335968018,222.772055,65.0,0,True
shadow,anchor,0.5,11,shadow_eps0.5_011,0.566989767099305,45001.936,5551.419199,50553.355199,41235.726345483825,2521.1844232608432,43756.91076874467,201.65172004699707,223.11745771144277,65.0,0,True
shadow,anchor,0.5,12,shadow_eps0.5_012,0.6465763941117911,44905.65,5348.545023,50254.195023,41132.69140999537,2312.880156827131,43445.5715668225,202.0130739212036,222.27740298507464,65.0,0,True
shadow,anchor,0.5,13,shadow_eps0.5_013,0.6100824811117318,44875.875,5725.370658,50601.245658,41109.957210622626,2695.3707124945668,43805.32792311719,201.63609290122986,222.56556716417913,65.0,0,True
shadow,anchor,0.5,14,shadow_eps0.5_014,0.5560827869440795,44983.938,5532.352658,50516.290658,41211.442199588404,2497.0601452666137,43708.50234485502,201.9882950782776,222.66952736318407,65.0,0,True
shadow,anchor,0.5,15,shadow_eps0.5_015,0.573925607841791,44728.467,5745.632997,50474.099997,40973.27656473853,2724.2641168030814,43697.54068154161,201.06172513961792,222.40959999999998,66.0,0,True
shadow,anchor,0.5,16,shadow_eps0.5_016,0.5697563015506949,44885.364,5884.572276,50769.936276,41120.27152837815,2855.2363685575647,43975.50789693571,201.59190344810486,222.59944278606963,65.0,0,True
shadow,anchor,0.5,17,shadow_eps0.5_017,0.5673096427690935,44918.829,5477.316483,50396.145483,41148.847701584964,2444.0471001750884,43592.89480176005,201.8536627292633,222.57284577114427,65.0,0,True
shadow,anchor,0.5,18,shadow_eps0.5_018,0.5980894840483465,44838.916,5432.152109,50271.068109,41087.84010842957,2414.0937278253386,43501.93383625491,200.8414227962494,223.18523000000002,65.0,0,True
shadow,anchor,0.5,19,shadow_eps0.5_019,0.5525797582676157,44807.561,5455.17268,50262.733680000005,41058.44127056766,2438.688197009867,43497.12946757753,200.7366852760315,223.268855,64.0,0,True
shadow,anchor,0.5,20,shadow_eps0.5_020,0.5037776536417455,44888.91,5469.336218,50358.246218,41129.77516624474,2444.7937350083103,43574.56890125305,201.27291750907898,222.998865,65.0,0,True
shadow,anchor,0.5,21,shadow_eps0.5_021,0.5582220530088599,44883.696,5469.61704,50353.31304,41133.45555207305,2452.230844023153,43585.6863960962,200.7966911792755,223.410045,65.0,0,True
shadow,anchor,0.5,22,shadow_eps0.5_022,0.58998180609605,44572.695,5627.26898,50199.96398,40835.16863301256,2620.1123393954276,43455.280972407985,200.11594939231873,222.68290452261306,65.0,0,True
shadow,anchor,0.5,23,shadow_eps0.5_023,0.5043144206193417,44620.701,5426.961265,50047.662265,40875.44290306351,2413.583792546584,43289.02669561009,200.5299243927002,222.44059798994974,65.0,0,True
shadow,anchor,0.5,24,shadow_eps0.5_024,0.5800157285207389,44713.017,5622.13313,50335.15013,40959.56160046075,2602.16023305014,43561.72183351089,200.96882724761963,222.54995,65.0,0,True
shadow,anchor,0.5,25,shadow_eps0.5_025,0.6417330083604578,44679.628,5607.742663,50287.370662999994,40929.165054164885,2590.1774486039226,43519.342502768806,200.80860424041748,222.52576000000002,65.0,0,True
shadow,anchor,0.5,26,shadow_eps0.5_026,0.6788885178677868,44981.516,5733.578462,50715.094462,41209.25179921819,2698.4722907920727,43907.72409001026,201.97589468955994,222.7325223880597,66.0,0,True
shadow,anchor,0.5,27,shadow_eps0.5_027,0.6178031875220402,44946.559,5516.267251,50462.826251,41176.64892567368,2483.0551739892385,43659.70409966292,201.84984922409058,222.61987064676615,65.0,0,True
shadow,anchor,0.5,28,shadow_eps0.5_028,0.5567428230822283,44910.761,5671.889289,50582.650289,41147.975436313056,2644.4094844541214,43792.384920767174,201.4683861732483,222.911225,66.0,0,True
shadow,anchor,0.5,29,shadow_eps0.5_029,0.546141675274703,45013.516,5583.541554,50597.057554000006,41243.67338261148,2550.3837518112796,43794.05713442276,201.84623742103577,222.92201492537313,64.0,0,True
shadow,anchor,0.5,30,shadow_eps0.5_030,0.5225239282604693,44949.489,5386.920841,50336.409841,41180.419125011234,2354.3847755458837,43534.80390055712,201.80486297607422,222.733,65.0,0,True
shadow,anchor,0.5,31,shadow_eps0.5_031,0.6283668864706633,44913.27,5648.547613,50561.817613,41157.03669624349,2626.339656737203,43783.3763529807,201.1175627708435,223.34923500000002,64.0,0,True
shadow,anchor,0.5,32,shadow_eps0.5_032,0.5953588380867378,44766.232,5543.760893,50309.992893,41010.83991084158,2522.2297651569693,43533.06967599855,201.0725221633911,222.56008999999997,65.0,0,True
shadow,anchor,0.5,33,shadow_eps0.5_033,0.6224374838111704,44634.507,5516.010659,50150.517659,40888.97195958281,2502.410362051104,43391.38232163391,200.54475259780884,222.55058291457286,66.0,0,True
shadow,anchor,0.5,34,shadow_eps0.5_034,0.5929761544390941,44847.803,5722.068481,50569.871481,41093.64819727582,2701.5328549278543,43795.181052203676,201.00627493858337,223.12267500000002,66.0,0,True
shadow,anchor,0.5,35,shadow_eps0.5_035,0.5831598722993911,44681.398,5461.711298,50143.109298,40928.31587791678,2442.0387343910897,43370.35461230787,200.9488410949707,222.39827499999998,66.0,0,True
shadow,anchor,0.5,36,shadow_eps0.5_036,0.5759572084372279,44704.581,5573.165786,50277.746785999996,40962.790485338475,2562.5782772929592,43525.368762631435,200.34426188468933,223.11177889447237,65.0,1,True
shadow,anchor,0.5,37,shadow_eps0.5_037,0.5221556811479323,44835.41,5504.903693,50340.313693000004,41074.285887911115,2478.760667038547,43553.046554949666,201.37942814826965,222.61419,64.0,0,True
shadow,anchor,0.5,38,shadow_eps0.5_038,0.5700683753748788,44842.492,5656.801437,50499.293437,41085.60062039632,2634.0640029597826,43719.664623356104,201.1527976989746,222.86521000000002,66.0,0,True
shadow,anchor,0.5,39,shadow_eps0.5_039,0.5837278466594059,44727.181,5682.62974,50409.81074,40981.17808032841,2668.652994547817,43649.83107487623,200.56980395317078,222.99713567839197,65.0,0,True
shadow,anchor,0.5,40,shadow_eps0.5_040,0.6435040273127011,44867.541,5376.382476,50243.923475999996,41111.853438856146,2354.6136159095254,43466.46705476567,201.0883424282074,223.10917,66.0,0,True
shadow,anchor,0.5,41,shadow_eps0.5_041,0.6193760395959268,44878.058,5685.240023,50563.298022999996,41119.79550659338,2661.3994117316656,43781.19491832505,201.22621035575867,223.037585,65.0,0,True
shadow,anchor,0.5,42,shadow_eps0.5_042,0.6067339289782391,44852.028,5302.5073,50154.535299999996,41095.79705182605,2280.301239002954,43376.098290829,201.11743664741516,223.03387999999998,65.0,0,True
shadow,anchor,0.5,43,shadow_eps0.5_043,0.6147947958569079,44848.641,5329.024687,50177.665687,41090.00428067028,2304.882979268589,43394.88725993886,201.24624729156494,222.818055,66.0,0,True
shadow,anchor,0.5,44,shadow_eps0.5_044,0.5438572948816772,45114.427,5778.588234,50893.015234000006,41342.09729710221,2743.4293607898135,44085.52665789203,201.97940182685852,223.33692039800994,66.0,0,True
shadow,anchor,0.5,45,shadow_eps0.5_045,0.553888907960067,45040.321,5521.544703,50561.865703,41271.384079612115,2489.1156107874504,43760.49969039956,201.7977442741394,223.2059303482587,66.0,0,True
shadow,anchor,0.5,46,shadow_eps0.5_046,0.5739037626740983,44943.617,5527.969918,50471.586918,41190.49408492667,2508.2645329741827,43698.75861790085,200.95102524757385,223.666295,65.0,0,True
shadow,anchor,0.5,47,shadow_eps0.5_047,0.581134513180438,44881.116,5491.276592,50372.392592000004,41126.59424293364,2470.4457200677475,43597.03996300139,201.02592253684998,223.29448,64.0,0,True
shadow,anchor,0.5,48,shadow_eps0.5_048,0.5395257102020055,45054.443,5583.448963,50637.891963,41279.69316535337,2546.3428887415607,43826.036054094926,202.1089813709259,222.8814029850746,65.0,0,True
shadow,anchor,0.5,49,shadow_eps0.5_049,0.593731373093619,44842.03,5739.427507,50581.457507,41084.957057970976,2716.5439906049146,43801.50104857589,201.1625189781189,222.873265,65.0,0,True
shadow,anchor,0.5,50,shadow_eps0.5_050,0.5319235918448868,44922.536,5511.895008,50434.431008,41155.45470424002,2480.9589230265674,43636.41362726659,201.69838976860046,222.70721393034827,65.0,0,True
shadow,anchor,0.5,51,shadow_eps0.5_051,0.5659365179426845,44746.487,5421.351234,50167.838234,40999.148309169555,2406.299747471428,43405.448056640984,200.6413242816925,223.008025,66.0,0,True
shadow,anchor,0.5,52,shadow_eps0.5_052,0.5528512624946558,44701.103,5343.772697,50044.875697,40956.279897673005,2330.745214566753,43287.02511223976,200.50663375854492,222.91573869346732,66.0,0,True
shadow,anchor,0.5,53,shadow_eps0.5_053,0.5576728030782961,44870.827,5573.309157,50444.136157,41112.42558956332,2549.3567752106264,43661.78236477394,201.2336483001709,222.98486,65.0,0,True
shadow,anchor,0.5,54,shadow_eps0.5_054,0.5129822710860481,44679.962,5480.255257,50160.217257,40935.47895651685,2467.501380719609,43402.980337236455,200.4884262084961,222.85147236180904,66.0,0,True
shadow,anchor,0.5,55,shadow_eps0.5_055,0.5383866407437343,44783.876,5344.305166,50128.181165999995,41027.84640737889,2322.2611126059555,43350.10751998485,201.10665559768677,222.68040499999998,65.0,0,True
shadow,anchor,0.5,56,shadow_eps0.5_056,0.644819418481636,44838.587,5442.249496,50280.836496,41078.7783583122,2417.1648774352416,43495.94323574744,201.30899477005005,222.81960999999998,66.0,0,True
shadow,anchor,0.5,57,shadow_eps0.5_057,0.6147823129039405,44829.508,5449.683376,50279.191376,41072.64805784968,2426.97123605468,43499.619293904354,201.15111446380615,222.81823,66.0,0,True
shadow,anchor,0.5,58,shadow_eps0.5_058,0.5688372441384734,44780.813,5434.323002,50215.136002,41026.70176442081,2413.8224293874123,43440.524193808225,201.00394225120544,222.77259,65.0,0,True
shadow,anchor,0.5,59,shadow_eps0.5_059,0.5312682368141007,44943.385,5141.821859,50085.206859,41169.66224387538,2105.5421564362623,43275.20440031164,202.0539891719818,222.49193532338307,65.0,0,True
shadow,anchor,0.5,60,shadow_eps0.5_060,0.6084253691053155,44930.088,5293.17633,50223.264330000005,41162.28170134981,2261.656918772331,43423.93862012214,201.73720812797546,222.63925870646767,65.0,0,True
shadow,anchor,0.5,61,shadow_eps0.5_061,0.5872152716446603,44951.785,5553.602116,50505.387116000005,41184.30685759978,2522.34673427991,43706.653591879694,201.71963787078857,222.81732835820898,65.0,0,True
shadow,anchor,0.5,62,shadow_eps0.5_062,0.5332670696579983,44646.629,5518.344149,50164.973149,40901.20668912517,2504.834552519438,43406.041241644605,200.5387167930603,222.74750753768845,65.0,0,True
shadow,anchor,0.5,63,shadow_eps0.5_063,0.5140199165514594,44812.362,5525.998976,50338.360976,41050.80563628621,2499.508166981899,43550.31380326811,201.4025719165802,222.54159500000003,65.0,0,True
shadow,anchor,1.5,0,shadow_eps1.5_000,0.6986303079856571,44832.841,5398.24497,50231.08597,41075.07402497992,2374.803045258612,43449.87707023853,201.19967913627625,222.85425500000002,65.0,0,True
shadow,anchor,1.5,1,shadow_eps1.5_001,0.7409912088803727,44761.463,5481.224249,50242.687249,41009.67815823332,2462.5954573235263,43472.27361555685,200.87938165664673,222.84958999999998,64.0,0,True
shadow,anchor,1.5,2,shadow_eps1.5_002,0.6844340697235338,44916.406,5441.660569,50358.066569,41144.845788887105,2407.120817129336,43551.96660601644,201.93820142745972,222.41910945273634,65.0,0,True
shadow,anchor,1.5,3,shadow_eps1.5_003,0.7310079672447314,44875.756,5396.549905,50272.305905,41111.35801556471,2367.7727713426316,43479.130786907335,201.55471897125244,222.57026000000002,65.0,0,True
shadow,anchor,1.5,4,shadow_eps1.5_004,0.6772314058613707,44886.103,5504.099373,50390.202373,41113.30465640242,2468.5634386391844,43581.8680950416,202.00449395179749,222.1928905472637,65.0,0,True
shadow,anchor,1.5,5,shadow_eps1.5_005,0.7272942887369437,45081.884,5390.844415,50472.728415,41291.510227497565,2341.1675589297042,43632.677786427266,202.94552373886108,222.2065495049505,66.0,0,True
shadow,anchor,1.5,6,shadow_eps1.5_006,0.7473543941554813,44925.826,5555.736815,50481.562815,41170.93292475233,2534.6071861293126,43705.54011088164,201.0458037853241,223.383375,66.0,0,True
shadow,anchor,1.5,7,shadow_eps1.5_007,0.7012720129073733,45041.27,5683.695593,50724.965593,41272.473181112786,2651.3792243154644,43923.85240542825,201.79024291038513,223.18628855721394,65.0,0,True
shadow,anchor,1.5,8,shadow_eps1.5_008,0.7048608618854876,45011.408,5136.587803,50147.995803000005,41236.03428330284,2098.9797627707585,43335.0140460736,202.1423854827881,222.69185074626864,66.0,0,True
shadow,anchor,1.5,9,shadow_eps1.5_009,0.7035095822267715,44886.57,5613.504185,50500.074185,41127.736337938426,2589.2040201539785,43716.940358092404,201.25679206848145,222.99542000000002,66.0,0,True
shadow,anchor,1.5,10,shadow_eps1.5_010,0.7362102378938762,44881.042,5861.597666,50742.639666,41124.519729940694,2839.1572118626545,43963.67694180335,201.13303470611572,223.16559,66.0,0,True
shadow,anchor,1.5,11,shadow_eps1.5_011,0.6867246915930434,45015.57,5494.545809,50510.115809,41246.27639810348,2461.8297362923486,43708.10613439583,201.81684184074402,223.0017960199005,65.0,0,True
shadow,anchor,1.5,12,shadow_eps1.5_012,0.7285020144365351,44986.294,5447.915131,50434.209131,41224.51676368549,2421.246611260209,43645.7633749457,201.4143979549408,223.373095,65.0,0,True
shadow,anchor,1.5,13,shadow_eps1.5_013,0.7015794056241945,44992.562,5690.329121,50682.891121,41223.65035870881,2657.9203679626253,43881.57072667143,201.79639077186584,223.01276616915422,65.0,0,True
shadow,anchor,1.5,14,shadow_eps1.5_014,0.6707902021302159,45090.934,5803.471776,50894.405776,41320.66013734132,2769.967000452287,44090.62713779361,201.86932730674744,223.3095870646766,65.0,0,True
shadow,anchor,1.5,15,shadow_eps1.5_015,0.6817221481913761,44921.265,5804.610934,50725.875933999996,41164.49000131428,2781.9671382691668,43946.45713958345,201.1465663909912,223.323485,65.0,0,True
shadow,anchor,1.5,16,shadow_eps1.5_016,0.6913340219762386,45065.923,5319.651787,50385.574787000005,41291.06967557244,2282.462446444178,43573.53212201662,202.1145224571228,223.10003482587064,65.0,0,True
shadow,anchor,1.5,17,shadow_eps1.5_017,0.6571931456105257,44942.542,5295.046443,50237.588443,41183.81029146986,2270.828308408481,43454.638599878344,201.25133323669434,223.24376,66.0,0,True
shadow,anchor,1.5,18,shadow_eps1.5_018,0.6811853812137799,44923.453,5327.184116,50250.637116,41171.376573627036,2308.3207198019813,43479.69729342902,200.89499378204346,223.517735,65.0,0,True
shadow,anchor,1.5,19,shadow_eps1.5_019,0.6776714299534697,44871.525,5597.149001,50468.674001,41116.34243300767,2575.7864514922717,43692.128884499936,201.06130385398865,223.254275,65.0,1,True
shadow,anchor,1.5,20,shadow_eps1.5_020,0.6388806536074173,45027.973,5440.870654,50468.843654,41253.95386349894,2404.3524883112896,43658.30635181023,202.06985807418823,222.81009950248756,65.0,0,True
shadow,anchor,1.5,21,shadow_eps1.5_021,0.6788011371970153,44929.731,5634.865946,50564.596946,41171.86502371924,2611.3443663560815,43783.209390075324,201.2049798965454,223.29837500000002,65.0,0,True
shadow,anchor,1.5,22,shadow_eps1.5_022,0.693531021698493,44786.759,5182.48069,49969.23969,41037.39520282606,2165.7998338320417,43203.1950366581,200.74975323677063,223.03667000000002,65.0,0,True
shadow,anchor,1.5,23,shadow_eps1.5_023,0.6241226824617633,44914.633,5657.059675,50571.692675,41158.2503238111,2634.731535959108,43792.98185977021,201.12556052207947,223.26937,65.0,0,True
shadow,anchor,1.5,24,shadow_eps1.5_024,0.7058204888948529,44953.88,5663.481351,50617.361351,41192.42588370886,2637.072808696779,43829.498692405636,201.39709734916687,223.222135,65.0,0,True
shadow,anchor,1.5,25,shadow_eps1.5_025,0.7462184454354523,44921.802,5497.626307,50419.428307,41153.62622666789,2465.8096220853536,43619.435848753244,201.75699067115784,222.73627363184082,64.0,0,True
shadow,anchor,1.5,26,shadow_eps1.5_026,0.7448265961795922,45112.661,5268.374513,50381.035513,41334.014114514175,2228.1329311466548,43562.14704566083,202.31763863563538,223.07094527363185,65.0,0,True
shadow,anchor,1.5,27,shadow_eps1.5_027,0.7456442295989539,44975.012,5627.456847,50602.468847000004,41208.31766990166,2596.8321086887236,43805.149778590385,201.67767071723938,222.97133333333332,65.0,0,True
shadow,anchor,1.5,28,shadow_eps1.5_028,0.6660498007408633,44999.107,5724.226374,50723.333374,41233.94521012939,2694.834694153135,43928.77990428252,201.59561491012573,223.207465,65.0,0,True
shadow,anchor,1.5,29,shadow_eps1.5_029,0.694941595383804,45069.857,5504.991522,50574.848522,41302.52661363053,2473.8550225259305,43776.38163615646,201.71172666549683,223.47544776119403,64.0,0,True
shadow,anchor,1.5,30,shadow_eps1.5_030,0.6456214482097884,44939.175,5336.489939,50275.664939,41181.513175691456,2313.1326169154,43494.645792606854,201.19404911994934,223.372915,65.0,0,True
shadow,anchor,1.5,31,shadow_eps1.5_031,0.7288546578578629,44922.798,5473.880335,50396.678335000004,41163.095377338665,2448.8810177249616,43611.976395063626,201.30331826210022,223.16774,65.0,0,True
shadow,anchor,1.5,32,shadow_eps1.5_032,0.6929973754591388,44942.614,5426.36239,50368.97639,41177.89342988899,2397.3257088340215,43575.21913872301,201.57199096679688,222.90920999999997,65.0,0,True
shadow,anchor,1.5,33,shadow_eps1.5_033,0.7250785645852382,44866.812,5502.695081,50369.507080999996,41116.40192786476,2485.1724079754263,43601.57433584019,200.80577325820923,223.40185499999998,65.0,0,True
shadow,anchor,1.5,34,shadow_eps1.5_034,0.7154323626797154,45013.412,5301.427102,50314.839102,41249.46989871438,2273.0167649632485,43522.48666367763,201.5303099155426,223.37786499999999,65.0,0,True
shadow,anchor,1.5,35,shadow_eps1.5_035,0.6763669613683813,44856.126,5269.512389,50125.638389,41104.27163069838,2250.827656530646,43355.09928722902,200.88310432434082,223.30591,65.0,0,True
shadow,anchor,1.5,36,shadow_eps1.5_036,0.6818781851034681,44813.38,5559.818042,50373.198041999996,41066.076464791964,2544.7948411483717,43610.87130594034,200.6394419670105,223.42028,65.0,0,True
shadow,anchor,1.5,37,shadow_eps1.5_037,0.7142839310067189,44959.963,5418.91551,50378.87851,41191.34989874033,2386.7469577130983,43578.09685645343,201.78040623664856,222.83069154228855,64.0,0,True
shadow,anchor,1.5,38,shadow_eps1.5_038,0.6977096902043146,44969.304,5249.011831,50218.315831,41205.69472160048,2220.869278174999,43426.56399977548,201.51248979568481,223.1757,65.0,0,True
shadow,anchor,1.5,39,shadow_eps1.5_039,0.7155415885181797,44790.043,5506.515566,50296.558566,41041.563294370084,2490.5460363877532,43532.109330757834,200.70241689682007,223.154715,66.0,0,True
shadow,anchor,1.5,40,shadow_eps1.5_040,0.7271101651806753,44919.524,5385.948431,50305.472430999995,41153.855265608945,2356.1488713333397,43510.00413694228,201.62275791168213,222.8466567164179,65.0,0,True
shadow,anchor,1.5,41,shadow_eps1.5_041,0.7123272281290862,44933.887,5584.210985,50518.097985,41173.08925409645,2558.330548287464,43731.41980238391,201.36195373535156,223.12832999999998,65.0,0,True
shadow,anchor,1.5,42,shadow_eps1.5_042,0.6926946638496803,44913.431,5260.505332,50173.936332,41145.76768832779,2229.1009659113206,43374.86865423911,201.72955226898193,222.63699502487563,65.0,0,True
shadow,anchor,1.5,43,shadow_eps1.5_043,0.7143650702010067,44941.011,5315.822207,50256.833206999996,41174.107045318946,2285.0288079505626,43459.13585326951,201.68889451026917,222.84003482587065,65.0,0,True
shadow,anchor,1.5,44,shadow_eps1.5_044,0.6723614938349816,45040.023,5622.787058,50662.810058,41269.805319543724,2589.3274857944007,43859.13280533812,201.8663191795349,223.0800945273632,64.0,0,True
shadow,anchor,1.5,45,shadow_eps1.5_045,0.7158224549599453,44998.882,5447.552094,50446.434094,41228.21599296038,2413.7318050716644,43641.947798032044,201.89032363891602,222.911407960199,65.0,0,True
shadow,anchor,1.5,46,shadow_eps1.5_046,0.6930878768681519,44822.418,5512.567003,50334.985002999994,41062.58686672907,2487.464288050917,43550.05115477999,201.3101990222931,222.66484,65.0,0,True
shadow,anchor,1.5,47,shadow_eps1.5_047,0.7017666499187047,44726.666,5456.043283,50182.709283,40972.020942213625,2435.113205191299,43407.134147404926,201.0325243473053,222.528675,65.0,0,True
shadow,anchor,1.5,48,shadow_eps1.5_048,0.6827176636905227,44922.873,5499.949116,50422.822115999996,41152.772359490446,2466.583712348267,43619.356071838716,201.8600525856018,222.5301293532338,64.0,0,True
shadow,anchor,1.5,49,shadow_eps1.5_049,0.7124302124910669,44770.465,5369.802232,50140.267232,41016.001709472235,2349.0184013518847,43365.020110824116,201.02279210090637,222.73407,64.0,0,True
shadow,anchor,1.5,50,shadow_eps1.5_050,0.6532813002243811,44874.967,5273.163136,50148.130136,41105.06202424083,2239.95516121851,43345.01718545934,201.8495762348175,222.28117412935325,65.0,0,True
shadow,anchor,1.5,51,shadow_eps1.5_051,0.6822870018131489,44769.687,5214.580462,49984.267461999996,41017.1264502041,2195.3275474887514,43212.45399769285,200.92091488838196,222.79036,64.0,0,True
shadow,anchor,1.5,52,shadow_eps1.5_052,0.6918083741889982,44706.906,5470.643465,50177.549465000004,40960.37366203644,2456.240757674629,43416.61441971107,200.5981502532959,222.86745226130654,65.0,0,True
shadow,anchor,1.5,53,shadow_eps1.5_053,0.6912622449966764,44981.456,5216.831188,50198.287188,41205.816440894545,2179.009255028619,43384.825695923166,202.15661931037903,222.59720895522386,64.0,0,True
shadow,anchor,1.5,54,shadow_eps1.5_054,0.6286071833152851,44801.506,5142.688739,49944.194739,41044.75104380402,2120.0610691503475,43164.812112954365,201.14549326896667,222.76265999999998,65.0,0,True
shadow,anchor,1.5,55,shadow_eps1.5_055,0.6632442570614505,44833.786,5525.823928,50359.609928,41073.70053505972,2500.5165816735525,43574.21711673327,201.32381653785706,222.68495,65.0,0,True
shadow,anchor,1.5,56,shadow_eps1.5_056,0.7359324921903526,44886.81,5444.970741,50331.780740999995,41113.92022951967,2409.361245965467,43523.281475485135,202.0093891620636,222.18137810945274,65.0,0,True
shadow,anchor,1.5,57,shadow_eps1.5_057,0.700100175697563,44871.906,5274.526353,50146.432353000004,41087.04590261995,2229.285715736042,43316.331618355995,202.6503086090088,221.4525594059406,65.0,0,True
shadow,anchor,1.5,58,shadow_eps1.5_058,0.7253063784768923,44805.908,5307.432641,50113.340641,41051.14105306198,2286.4044930412088,43337.54554610319,201.03905057907104,222.81771,65.0,0,True
shadow,anchor,1.5,59,shadow_eps1.5_059,0.6712863995106682,44977.029,5560.566637,50537.595637000006,41198.1814046314,2520.1635670399364,43718.34497167134,202.3283851146698,222.34574626865674,65.0,0,True
shadow,anchor,1.5,60,shadow_eps1.5_060,0.7052525145348384,44907.27,5282.173123,50189.443123,41138.43811454832,2249.82854029318,43388.2666548415,201.79212045669556,222.5707114427861,65.0,0,True
shadow,anchor,1.5,61,shadow_eps1.5_061,0.7172423908599819,44878.332,5368.207388,50246.539388000005,41107.84172209057,2334.528488046318,43442.37021013688,201.88091468811035,222.28686567164178,64.0,0,True
shadow,anchor,1.5,62,shadow_eps1.5_062,0.6369832447563795,44694.168,5250.379686,49944.547686,40942.20192977525,2231.6050806736325,43173.80701044888,200.88908505439758,222.482055,65.0,0,True
shadow,anchor,1.5,63,shadow_eps1.5_063,0.6331915477925458,44889.084,5478.273085,50367.357085,41125.554174642995,2450.194458879711,43575.74863352271,201.5082356929779,222.75999,65.0,0,True
shadow,anchor,5.0,0,shadow_eps5.0_000,0.7702512506358504,44871.396,5191.078996,50062.474996000004,41097.24809462132,2154.4572248387312,43251.70531946005,202.0767526626587,222.01536318407963,64.0,0,True
shadow,anchor,5.0,1,shadow_eps5.0_001,0.8071508596073489,44829.373,5678.143545,50507.516545,41068.49268847888,2652.196677252394,43720.689365731276,201.36637449264526,222.63602500000002,66.0,0,True
shadow,anchor,5.0,2,shadow_eps5.0_002,0.7698517961408953,44914.783,5562.239911,50477.022911,41146.68077516888,2530.482402086122,43677.163177255,201.75305271148682,222.59778606965173,65.0,0,True
shadow,anchor,5.0,3,shadow_eps5.0_003,0.8060180316255614,44862.411,5264.959971,50127.370971,41095.69917446905,2234.321156130812,43330.020330599866,201.67860746383667,222.49162189054726,65.0,0,True
shadow,anchor,5.0,4,shadow_eps5.0_004,0.7653142427372619,44761.544,5433.128974,50194.672974,41004.12547308186,2409.967405280419,43414.09287836228,201.1810224056244,222.506845,65.0,1,True
shadow,anchor,5.0,5,shadow_eps5.0_005,0.7996579670886945,44879.073,5509.559565,50388.63256499999,41116.11261557388,2481.939102356998,43598.05171793088,201.47774648666382,222.83902999999998,64.0,0,True
shadow,anchor,5.0,6,shadow_eps5.0_006,0.8203765482762602,44848.011,5556.337521,50404.348521,41082.50838093434,2526.6716151874716,43609.17999612181,201.61386370658875,222.375435,64.0,0,True
shadow,anchor,5.0,7,shadow_eps5.0_007,0.786778680364627,44952.973,5550.045424,50503.018423999994,41183.02196347349,2516.800389428478,43699.82235290197,201.85204243659973,222.6116815920398,65.0,0,True
shadow,anchor,5.0,8,shadow_eps5.0_008,0.8038116696885815,44910.336,5530.69507,50441.031070000005,41138.36572604834,2495.8253878311693,43634.191113879504,201.9601571559906,222.40790049751243,65.0,0,True
shadow,anchor,5.0,9,shadow_eps5.0_009,0.7844443681597317,44805.34,5480.451485,50285.791484999994,41044.86878058608,2454.8337665147687,43499.70254710085,201.34447073936462,222.46986,65.0,0,True
shadow,anchor,5.0,10,shadow_eps5.0_010,0.8146000617906173,44799.701,5363.895265,50163.596265,41037.042909397635,2336.51802335138,43373.56093274902,201.46156096458435,222.3159,65.0,0,True
shadow,anchor,5.0,11,shadow_eps5.0_011,0.7801127834800601,44840.331,5375.651278,50215.982277999996,41073.63467500377,2345.024934624345,43418.659609628114,201.67777752876282,222.295815920398,64.0,0,True
shadow,anchor,5.0,12,shadow_eps5.0_012,0.7955760414683699,44784.956,5278.794103,50063.750103,41021.47416796767,2250.75409157586,43272.22825954353,201.50566601753235,222.269765,64.0,0,True
shadow,anchor,5.0,13,shadow_eps5.0_013,0.7704572193598118,44768.284,5301.731606,50070.015606,40997.60849047803,2267.903671519468,43265.512161997496,201.89083242416382,221.69205472636818,65.0,0,True
shadow,anchor,5.0,14,shadow_eps5.0_014,0.7502317148144565,44882.784,5409.049569,50291.833569,41109.99749665574,2373.5231611262,43483.52065778194,202.00385999679565,222.22658706467664,64.0,0,True
shadow,anchor,5.0,15,shadow_eps5.0_015,0.7594285304131546,44685.904,5505.58167,50191.48567,40929.231360059355,2483.02023055237,43412.251590611726,201.1410858631134,222.17633999999998,65.0,0,True
shadow,anchor,5.0,16,shadow_eps5.0_016,0.7916751186660717,44829.368,5321.254383,50150.622383,41055.977260787105,2285.2418161733426,43341.21907696045,202.03621220588684,221.8619353233831,65.0,0,True
shadow,anchor,5.0,17,shadow_eps5.0_017,0.7309081036209926,44723.689,5482.931093,50206.620093,40960.82718935644,2455.389941317162,43416.2171306736,201.47246861457825,221.97055,65.0,0,True
shadow,anchor,5.0,18,shadow_eps5.0_018,0.743403539541314,44700.366,5416.873401,50117.239401,40941.005983239644,2392.1497392010874,43333.15572244073,201.28497433662415,222.04335,64.0,0,True
shadow,anchor,5.0,19,shadow_eps5.0_019,0.7775116481554877,44681.304,5300.830607,49982.134607,40929.5354781011,2282.2149460399282,43211.75042414103,200.87850785255432,222.44845,64.0,0,True
shadow,anchor,5.0,20,shadow_eps5.0_020,0.760732998998243,44754.805,5248.172966,50002.977966,40992.40269271143,2221.0015236996987,43213.40421641113,201.4478657245636,222.151885,64.0,0,True
shadow,anchor,5.0,21,shadow_eps5.0_021,0.7710501596257612,44741.033,5467.93754,50208.97054,40979.55421465906,2441.5091493560226,43421.063364015085,201.3984181880951,222.188245,64.0,0,True
shadow,anchor,5.0,22,shadow_eps5.0_022,0.7711999550613693,44541.065,5427.772848,49968.837848,40791.514809007385,2410.94202221188,43202.456831219264,200.75973320007324,221.874075,63.0,0,True
shadow,anchor,5.0,23,shadow_eps5.0_023,0.7164278781788619,44641.329,5304.853424,49946.182424,40885.95946476526,2283.3404426995558,43169.29990746482,201.07131457328796,221.89804,64.0,0,True
shadow,anchor,5.0,24,shadow_eps5.0_024,0.8156548713163586,44722.713,5115.344571,49838.057571000005,40964.434680997176,2091.4912266986244,43055.9259076958,201.2270576953888,222.21635999999998,63.0,0,True
shadow,anchor,5.0,25,shadow_eps5.0_025,0.8116072738166941,44658.134,5375.37723,50033.51123,40905.31560519896,2355.9168573350594,43261.23246253402,200.93472051620483,222.19184,65.0,0,True
shadow,anchor,5.0,26,shadow_eps5.0_026,0.7975015369635842,44911.876,5271.653924,50183.529923999995,41130.20826468539,2228.9818125046054,43359.19007719,202.47938203811646,221.805,64.0,0,True
shadow,anchor,5.0,27,shadow_eps5.0_027,0.8339938895945225,44737.244,5393.685289,50130.929289,40972.05087954556,2364.268401043829,43336.31928058939,201.5972924232483,221.87296999999998,65.0,0,True
shadow,anchor,5.0,28,shadow_eps5.0_028,0.7508496209863406,44722.724,5244.232485,49966.956485,40955.68599975829,2213.3312349394137,43169.0172346977,201.69607162475586,221.70434825870646,64.0,0,True
shadow,anchor,5.0,29,shadow_eps5.0_029,0.7983753436712989,44815.937,5385.528083,50201.465082999996,41049.35670859576,2354.995098480556,43404.35180707632,201.6715648174286,222.16855223880597,65.0,0,True
shadow,anchor,5.0,30,shadow_eps5.0_030,0.7575732515283816,44689.152,5208.993868,49898.145868,40925.966183206554,2181.1920259167277,43107.158209123285,201.4898166656494,221.786045,64.0,0,True
shadow,anchor,5.0,31,shadow_eps5.0_031,0.7938221865764564,44719.915,4991.252176,49711.167176,40957.10804904841,1963.7551635875784,42920.86321263599,201.46953129768372,221.92819,64.0,0,True
shadow,anchor,5.0,32,shadow_eps5.0_032,0.7687189681591078,44714.909,5237.603413,49952.512413,40945.16969427652,2204.5287337993423,43149.69842807586,201.84070587158203,221.54467661691544,64.0,0,True
shadow,anchor,5.0,33,shadow_eps5.0_033,0.8084428452394697,44650.254,5208.304599,49858.558599,40895.788402871556,2187.518912496197,43083.307315367754,201.02291560173035,222.05198000000001,64.0,0,True
shadow,anchor,5.0,34,shadow_eps5.0_034,0.8186788666727002,44759.853,5021.981956,49781.834956000006,40992.37078319895,1990.7232960792248,42983.09407927818,201.71985602378845,221.88313930348258,65.0,0,True
shadow,anchor,5.0,35,shadow_eps5.0_035,0.7451886018156455,44625.876,5376.550445,50002.426445,40869.91315630605,2354.560096773451,43224.4732530795,201.10308170318604,221.97969,64.0,0,True
shadow,anchor,5.0,36,shadow_eps5.0_036,0.7650552214631894,44652.077,5280.132967,49932.209966999995,40896.779031727056,2258.677567384145,43155.4565991112,201.06748270988464,222.02231500000002,63.0,0,True
shadow,anchor,5.0,37,shadow_eps5.0_037,0.8223394926303766,44710.139,5213.232809,49923.371809000004,40950.85892164794,2188.573464423695,43139.43238607163,201.28069424629211,222.121365,64.0,0,True
shadow,anchor,5.0,38,shadow_eps5.0_038,0.7998764187656231,44730.773,5261.117086,49991.890086,40968.751099255685,2234.2517129961634,43203.00281225185,201.42749786376953,222.112565,65.0,0,True
shadow,anchor,5.0,39,shadow_eps5.0_039,0.7983410155506386,44685.965,4825.961523,49511.926522999995,40923.06391480423,1798.3887716122044,42721.452686416436,201.47457146644592,221.750525,64.0,0,True
shadow,anchor,5.0,40,shadow_eps5.0_040,0.8070634789365773,44686.027,5101.539064,49787.566064,40918.65063746823,2070.3655728078247,42989.01621027605,201.71418833732605,221.5615174129353,65.0,0,True
shadow,anchor,5.0,41,shadow_eps5.0_041,0.7795292054288362,44727.719,5171.186957,49898.905956999995,40956.96933638303,2137.299359267012,43094.26869565004,201.8948028087616,221.51270646766167,65.0,0,True
shadow,anchor,5.0,42,shadow_eps5.0_042,0.7466647110040351,44737.641,5080.264217,49817.90521700001,40967.89391951823,2047.1832823475447,43015.07720186577,201.84112215042114,221.57738308457712,64.0,0,True
shadow,anchor,5.0,43,shadow_eps5.0_043,0.8014555123159934,44799.69,5381.202106,50180.892106,41034.270765884976,2351.6032904454114,43385.87405633039,201.6093990802765,222.16984499999998,64.0,0,True
shadow,anchor,5.0,44,shadow_eps5.0_044,0.7583986867933479,44899.139,5407.413464,50306.552464,41115.4517823509,2363.1165078569825,43478.568290207884,202.58750987052917,221.58481094527363,64.0,0,True
shadow,anchor,5.0,45,shadow_eps5.0_045,0.8086800213458496,44796.254,5373.119973,50169.373973,41027.74195278655,2341.0327272555364,43368.77468004209,201.77499556541443,221.97825870646764,65.0,0,True
shadow,anchor,5.0,46,shadow_eps5.0_046,0.7818073443453785,44636.798,5139.888209,49776.686209,40881.27609998604,2118.252637324892,42999.52873731093,201.07947254180908,221.97767,64.0,0,True
shadow,anchor,5.0,47,shadow_eps5.0_047,0.7763616561133702,44572.669,5433.403693,50006.072693,40819.691761454495,2413.815517083898,43233.507278538396,200.94322538375854,221.8691,63.0,0,True
shadow,anchor,5.0,48,shadow_eps5.0_048,0.7857332330536111,44760.41,5311.884289,50072.294289000005,40989.77903726037,2278.092196180283,43267.87123344065,201.8884472846985,221.65852736318408,65.0,0,True
shadow,anchor,5.0,49,shadow_eps5.0_049,0.7849624107078771,44637.283,5055.329526,49692.612526000004,40879.238226542984,2031.6640888783995,42910.90231542139,201.21455311775208,221.709475,63.0,0,True
shadow,anchor,5.0,50,shadow_eps5.0_050,0.7403701819702468,44796.778,5156.740339,49953.518339,41022.190535792324,2119.764905517249,43141.955441309576,202.10028767585754,221.6327512437811,64.0,0,True
shadow,anchor,5.0,51,shadow_eps5.0_051,0.7853665463101951,44622.79,5202.166309,49824.956309,40866.672489379045,2180.051518125833,43046.724007504876,201.11136293411255,221.8597,64.0,0,True
shadow,anchor,5.0,52,shadow_eps5.0_052,0.7903488049132903,44472.999,5245.775451,49718.774451000005,40729.12502823171,2233.511624520493,42962.636652752204,200.455815076828,221.9188190954774,64.0,0,True
shadow,anchor,5.0,53,shadow_eps5.0_053,0.7888009187453384,44750.626,5134.015421,49884.64142099999,40983.74066288162,2103.2370013571867,43086.9776642388,201.68789768218994,221.8715422885572,64.0,1,True
shadow,anchor,5.0,54,shadow_eps5.0_054,0.7408570171359736,44525.044,5349.506752,49874.550752,40774.96016491609,2332.2465643250875,43107.20672924118,200.78830575942993,221.715265,65.0,0,True
shadow,anchor,5.0,55,shadow_eps5.0_055,0.7636820966367804,44628.704,5321.674547,49950.378547,40864.76815503477,2293.2692437030973,43158.03739873787,201.52997493743896,221.47787,64.0,0,True
shadow,anchor,5.0,56,shadow_eps5.0_056,0.8002259414487091,44706.688,5012.796555,49719.484555,40942.87810968145,1984.4925928884068,42927.37070256985,201.5232310295105,221.92622,64.0,0,True
shadow,anchor,5.0,57,shadow_eps5.0_057,0.769084094533403,44659.569,5272.879751,49932.448751,40897.73809736993,2246.168052162234,43143.906149532166,201.41727137565613,221.58901000000003,64.0,0,True
shadow,anchor,5.0,58,shadow_eps5.0_058,0.8087174702047517,44668.796,5319.30285,49988.09885,40907.2436127233,2292.8152403624576,43200.05885308576,201.40235900878906,221.666295,64.0,0,True
shadow,anchor,5.0,59,shadow_eps5.0_059,0.7753848650436747,44765.878,5432.84449,50198.72249,40994.72335429982,2398.6310498671855,43393.35440416701,201.91648650169373,221.67549253731343,63.0,0,True
shadow,anchor,5.0,60,shadow_eps5.0_060,0.7791515961015738,44724.96,5205.141338,49930.101338,40959.57097879163,2175.5668312887383,43135.13781008036,201.60778141021729,221.748075,65.0,0,True
shadow,anchor,5.0,61,shadow_eps5.0_061,0.8031219865371353,44702.498,5184.424411,49886.922411,40935.49605041301,2153.552166745687,43089.04821715869,201.69414138793945,221.64324378109453,64.0,0,True
shadow,anchor,5.0,62,shadow_eps5.0_062,0.7522757983628607,44529.208,4906.36073,49435.56873,40764.410074160995,1877.2618095965477,42641.67188375754,201.57613277435303,220.96398000000002,65.0,0,True
shadow,anchor,5.0,63,shadow_eps5.0_063,0.740754032773993,44690.058,5303.370762,49993.428761999996,40922.13268431678,2271.7555914850172,43193.88827580179,201.7435805797577,221.52094527363184,63.0,0,True
shadow,coverage,0.25,0,shadow_eps0.25_000,0.5329347110352425,44754.112,5202.860033,49956.972033,40990.94922249602,2175.0767279772103,43166.02595047323,201.48858308792114,222.07394499999998,64.0,0,True
shadow,coverage,0.25,1,shadow_eps0.25_001,0.5881748986540256,44724.272,5058.826954,49783.098954,40959.63413799926,2029.8568185165477,42989.49095651581,201.56756258010864,221.938005,65.0,0,True
shadow,coverage,0.25,2,shadow_eps0.25_002,0.5248301538211879,44795.591,5402.46676,50198.05776,41027.475897390534,2370.6988898223203,43398.174787212854,201.75374221801758,221.96800995024876,64.0,0,True
shadow,coverage,0.25,3,shadow_eps0.25_003,0.5672659524337077,44738.745,5064.469274,49803.214274000005,40971.03035533032,2033.023606165431,43004.053961495745,201.73230075836182,221.78267164179107,65.0,0,True
shadow,coverage,0.75,0,shadow_eps0.75_000,0.6344367223510392,44713.291,4983.926694,49697.217694,40953.38342829787,1958.7624778564382,42912.14590615431,201.31429171562195,222.182055,64.0,0,True
shadow,coverage,0.75,1,shadow_eps0.75_001,0.6812540374551005,44676.828,5148.84009,49825.66809,40915.2605441196,2122.3403563940246,43037.60090051362,201.40316581726074,221.82489,64.0,0,True
shadow,coverage,0.75,2,shadow_eps0.75_002,0.6218226983775281,44803.269,5259.672509,50062.941509,41031.42635498431,2224.9055151240823,43256.33187010839,201.9533236026764,221.80268656716416,64.0,0,True
shadow,coverage,0.75,3,shadow_eps0.75_003,0.665475584904365,44672.494,5292.388185,49964.882184999995,40912.73217161915,2267.341231707148,43180.0734033263,201.30648827552795,221.95598,65.0,0,True
shadow,coverage,1.0,0,shadow_eps1.0_000,0.6627621030030865,44740.659,5015.704078,49756.363078,40979.57992005923,1989.5972842172582,42969.177204276486,201.3770170211792,222.1252,64.0,0,True
shadow,coverage,1.0,1,shadow_eps1.0_001,0.707193613721262,44734.001,5250.958969,49984.959968999996,40973.516880543255,2225.330871337302,43198.84775188056,201.34516143798828,222.16375,64.0,0,True
shadow,coverage,1.0,2,shadow_eps1.0_002,0.6498063581920939,44835.246,5279.024877,50114.270877,41064.81564472651,2245.3941898841426,43310.20983461065,201.87770628929138,222.04032835820897,64.0,0,True
shadow,coverage,1.0,3,shadow_eps1.0_003,0.6947309455524798,44782.929,5027.915718,49810.84471799999,41011.92255562028,1993.8215183865045,43005.74407400678,201.90855145454407,221.83122885572138,64.0,0,True
shadow,coverage,1.25,0,shadow_eps1.25_000,0.6831296011384452,44844.8,5009.977103,49854.777103,41070.15493756866,1972.9553268660447,43043.110264434705,202.10337162017822,221.86773134328357,65.0,0,True
shadow,coverage,1.25,1,shadow_eps1.25_001,0.7261708229698819,44760.616,5286.30855,50046.92455,41000.00505758166,2260.57841251906,43260.58347010072,201.35195183753967,222.303875,65.0,0,True
shadow,coverage,1.25,2,shadow_eps1.25_002,0.6694732505921601,44791.773,5245.655455,50037.428455,41021.65941937155,2212.2796399262033,43233.93905929775,201.86074542999268,221.89316417910447,64.0,0,True
shadow,coverage,1.25,3,shadow_eps1.25_003,0.7147551624812365,44717.888,5124.299992,49842.187992,40955.28435497017,2096.9665564276293,43052.2509113978,201.45864582061768,221.896355,65.0,0,True
shadow,coverage,2.0,0,shadow_eps2.0_000,0.7197795510505965,44680.305,5465.922165,50146.227165000004,40915.835061200865,2437.0871379602722,43352.92219916114,201.55857157707214,221.64569500000002,65.0,0,True
shadow,coverage,2.0,1,shadow_eps2.0_001,0.7622840059044368,44702.345,5201.14678,49903.491780000004,40940.08450857749,2174.0894405799127,43114.173949157404,201.44027256965637,221.86209,64.0,0,True
shadow,coverage,2.0,2,shadow_eps2.0_002,0.7084606334474483,44766.75,5292.717286,50059.467286,40996.28180400716,2259.0561528192075,43255.33795682636,201.8797323703766,221.75573631840794,64.0,0,True
shadow,coverage,2.0,3,shadow_eps2.0_003,0.7534928862771778,44725.018,5279.471043,50004.489042999994,40964.00357167186,2253.4162669175166,43217.41983858938,201.37355542182922,222.040815,65.0,0,True
shadow,coverage,3.0,0,shadow_eps3.0_000,0.7441806033635316,44755.884,4989.171248,49745.055248,40994.95927083055,1963.1886424908344,42958.14791332139,201.3687527179718,222.17587500000002,65.0,0,True
shadow,coverage,3.0,1,shadow_eps3.0_001,0.7881830125734544,44747.287,5002.012463,49749.299462999996,40980.624436869395,1971.4132839058625,42952.03772077526,201.67596983909607,221.79163184079604,65.0,0,True
shadow,coverage,3.0,2,shadow_eps3.0_002,0.7389034349965828,44839.152,5286.124956,50125.276956,41072.08743377434,2255.202331354404,43327.28976512874,201.69749402999878,222.24884577114426,63.0,0,True
shadow,coverage,3.0,3,shadow_eps3.0_003,0.7814578216622924,44792.083,5237.066122,50029.149122,41020.78460587644,2202.737024080854,43223.52162995729,201.92418313026428,221.89751243781095,64.0,0,True
shadow,coverage,4.0,0,shadow_eps4.0_000,0.75913206028018,44770.439,5027.711006,49798.150005999996,41005.57798996812,1998.5613290183014,43004.139318986425,201.57951045036316,222.02649000000002,65.0,0,True
shadow,coverage,4.0,1,shadow_eps4.0_001,0.8004007027902521,44695.364,4902.751976,49598.115976,40928.725945614904,1872.17251626823,42800.89846188313,201.6746575832367,221.633815920398,65.0,0,True
shadow,coverage,4.0,2,shadow_eps4.0_002,0.757215926999691,44754.299,5092.565394,49846.864394,40988.845656693375,2062.9391347107207,43051.7847914041,201.6112253665924,222.03439999999998,64.0,0,True
shadow,coverage,4.0,3,shadow_eps4.0_003,0.7969304418653278,44745.368,5112.38126,49857.749260000004,40978.43350289791,2081.563286984995,43059.996789882905,201.69052982330322,221.83762189054727,64.0,0,True
