kind,epsilon,seed,tag,test_auc,epsilon_spent,gpu_j,cpu_j,total_j,gpu_j_net,cpu_j_net,total_j_net,wall_s,mean_gpu_w,gpu_temp_end,rapl_wraps,energy_measured
target,,0,target_baseline_seed00,0.9758080371492681,,22554.707,2535.220255,25089.927255,20825.880967435027,1144.233229410601,21970.11419684563,92.56541061401367,241.18619565217392,64.0,0,True
target,,1,target_baseline_seed01,0.9759796777525691,,22692.633,2353.68178,25046.31478,20996.225407371094,988.7781361340999,21985.003543505194,90.82965111732483,249.5976153846154,65.0,0,True
target,,2,target_baseline_seed02,0.974784435005945,,22634.756,2311.450992,24946.206992,20950.039101240272,955.9535018973208,21905.992603137594,90.20370388031006,250.86265555555553,64.0,0,True
target,0.25,0,target_eps0.25_seed00,0.5348695687451823,0.2422429581643859,44592.636,4433.268253,49025.904253,40826.37628156201,1402.9931965938554,42229.36947815586,201.6544005870819,221.24727860696518,63.0,0,True
target,0.25,1,target_eps0.25_seed01,0.5904780034765024,0.2422429581643859,44772.657,4963.927905,49736.584904999996,41013.3513976419,1939.2480241982053,42952.5994218401,201.28206086158752,222.444325,65.0,0,True
target,0.25,2,target_eps0.25_seed02,0.5279384091100591,0.2422429581643859,44927.976,5393.97783,50321.95383,41160.765703811754,2362.9379532518938,43523.70365706365,201.70529675483704,222.7333134328358,65.0,0,True
target,0.5,0,target_eps0.5_seed00,0.5969129657311735,0.4959056738827302,44891.763,5400.952238,50292.715238,41121.51552075649,2367.4686901452424,43488.98421090173,201.86791467666626,222.36192537313434,65.0,1,True
target,0.5,1,target_eps0.5_seed01,0.647177136223345,0.4959056738827302,44655.863,5435.020633,50090.883633,40900.14586271377,2413.227976397017,43313.37383911078,201.0899260044098,222.03599999999997,64.0,0,True
target,0.5,2,target_eps0.5_seed02,0.58926871740779,0.4959056738827302,44734.334,5197.166139,49931.500139,40973.140970423075,2170.967663080086,43144.10863350316,201.3831181526184,222.123805,64.0,0,True
target,0.75,0,target_eps0.75_seed00,0.6392020896463266,0.7461750019194414,44682.582,5412.114013,50094.696013,40922.39984039973,2386.7288676267103,43309.128708026445,201.32899379730225,221.89486499999998,65.0,0,True
target,0.75,1,target_eps0.75_seed01,0.6839347516048396,0.7461750019194414,44616.515,5207.024207,49823.539207,40855.92890920023,2181.3140647518685,43037.242973952096,201.3506212234497,221.646755,65.0,0,True
target,0.75,2,target_eps0.75_seed02,0.6295371633113529,0.7461750019194414,44710.559,5293.659911,50004.218911,40944.44798160694,2263.504496379269,43207.95247798621,201.6464388370514,221.74425870646766,65.0,0,True
target,1.0,0,target_eps1.0_seed00,0.6687648430112627,0.997155700533727,44760.225,5345.353198,50105.578197999996,40995.29205341588,2316.1456419668734,43311.43769538275,201.58336210250854,222.08996,65.0,0,True
target,1.0,1,target_eps1.0_seed01,0.7092064898872477,0.997155700533727,44935.605,5348.946146,50284.551146000005,41157.87381717454,2309.4413245238516,43467.3151416984,202.26860976219177,222.12577611940299,64.0,0,True
target,1.0,2,target_eps1.0_seed02,0.6583618620820941,0.997155700533727,44962.419,5583.377674,50545.796674000005,41188.62714827146,2547.042378168482,43735.66952643994,202.05768871307373,222.40321890547264,65.0,0,True
target,1.25,0,target_eps1.25_seed00,0.6895380371180606,1.244636581815927,45083.594,5742.949715,50826.543715,41294.30827063343,2694.14828182175,43988.45655245518,202.8872673511505,222.18073762376235,65.0,0,True
target,1.25,1,target_eps1.25_seed01,0.7274472049107936,1.244636581815927,44880.114,5509.853144,50389.967144,41122.002642373016,2486.134134272024,43608.13677664504,201.21811819076538,222.98672,65.0,0,True
target,1.25,2,target_eps1.25_seed02,0.6788838367604241,1.244636581815927,44985.669,5452.713947,50438.382947000006,41207.45871661951,2412.823648533433,43620.28236515295,202.29426193237305,222.30637313432834,65.0,0,True
target,1.5,0,target_eps1.5_seed00,0.705143288696374,1.491229956518794,44840.774,5345.184314,50185.958313999996,41077.55781890139,2317.3580412604806,43394.91586016187,201.4914424419403,222.487915,65.0,0,True
target,1.5,1,target_eps1.5_seed01,0.741952396258859,1.491229956518794,44828.009,5536.216967,50364.225967,41061.73159910772,2505.9276835611586,43567.65928266888,201.65534734725952,222.3234278606965,65.0,0,True
target,1.5,2,target_eps1.5_seed02,0.6950118119942454,1.491229956518794,44926.598,5496.158598,50422.756598,41159.91389375334,2465.5420856436644,43625.455979397004,201.67712330818176,222.7110696517413,65.0,0,True
target,2.0,0,target_eps2.0_seed00,0.7264423271969217,1.9900321731198165,44835.254,5336.948434,50172.202434,41072.14077433467,2309.204997629905,43381.345771964574,201.4859299659729,222.486335,65.0,0,True
target,2.0,1,target_eps2.0_seed01,0.7617909292622262,1.9900321731198165,44826.846,5143.502274,49970.348273999996,41062.3779893053,2114.668798283657,43177.04678758896,201.5584683418274,222.449715,65.0,0,True
target,2.0,2,target_eps2.0_seed02,0.719941829439172,1.9900321731198165,44883.869,5649.665591,50533.534590999996,41112.054666503915,2614.9213761404226,43726.97604264434,201.95180773735046,222.21526865671643,64.0,0,True
target,3.0,0,target_eps3.0_seed00,0.7511835399782173,2.9959448010379095,44769.649,5491.727885,50261.376885,41003.65490132544,2461.6665421993453,43465.32144352479,201.64017868041992,222.12797014925374,65.0,0,True
target,3.0,1,target_eps3.0_seed01,0.7853774688940416,2.9959448010379095,44801.981,5331.070093,50133.051093,41032.340895917565,2298.075229924858,43330.41612584242,201.8353943824768,222.0129751243781,65.0,0,True
target,3.0,2,target_eps3.0_seed02,0.751963724538677,2.9959448010379095,44872.297,5303.805697,50176.102696999995,41101.2952489738,2269.7152735870736,43371.01052256088,201.9083001613617,222.24220398009948,64.0,0,True
target,4.0,0,target_eps4.0_seed00,0.7651862924693464,3.9951502414782962,44776.018,5364.54126,50140.559259999995,41003.213889900704,2329.0006859999644,43332.21457590067,202.00480270385742,221.62227363184078,65.0,0,True
target,4.0,1,target_eps4.0_seed01,0.796593402135209,3.9951502414782962,44652.482,5386.585637,50039.067637,40897.04913566307,2365.021702070995,43262.07083773406,201.07470536231995,222.02946,64.0,0,True
target,4.0,2,target_eps4.0_seed02,0.7706819125132242,3.9951502414782962,44776.123,5567.814298,50343.937298,41008.45391292029,2536.4052851066353,43544.85919802693,201.72986149787903,221.86966169154232,65.0,0,True
target,5.0,0,target_eps5.0_seed00,0.7759934090008332,4.99466110490132,44666.861,5503.135143,50169.996143,40910.30922059177,2480.6709460911416,43390.980166682915,201.13461470603943,222.095505,65.0,0,True
target,5.0,1,target_eps5.0_seed01,0.8027787053305329,4.99466110490132,44686.75,5476.712237,50163.462237,40922.541441806294,2448.087512803957,43370.62895461025,201.54457664489746,221.61525,65.0,0,True
target,5.0,2,target_eps5.0_seed02,0.7835986480961935,4.99466110490132,44803.02,5331.106043,50134.126043,41030.827116817745,2296.057252843614,43326.88436966136,201.97207617759705,221.88748756218905,65.0,0,True
